"Rank","Tier","WSIT","Overall","Team","Pos","Bye","Best","Worst","Avg","Std Dev","ADP","vs. ADP"
"1","undefined","","Christian McCaffrey","CAR","RB1","7","1","2","1.2","0.4","2.0","+1.0"
"2","undefined","","Dalvin Cook","MIN","RB2","12","2","3","2.2","0.4","15.0","+13.0"
"3","undefined","","Ezekiel Elliott","DAL","RB3","8","1","4","3.0","1.1","4.0","+1.0"
"4","undefined","","Saquon Barkley","NYG","RB4","11","3","4","3.6","0.5","1.0","-3.0"
"5","undefined","","Nick Chubb","CLE","RB5","7","6","9","7.4","1.4","10.0","+5.0"
"6","undefined","","Aaron Jones","GB","RB6","11","5","18","8.0","5.1","28.0","+22.0"
"7","undefined","","Alvin Kamara","NO","RB7","9","5","12","9.0","2.8","3.0","-4.0"
"8","undefined","","Michael Thomas","NO","WR1","9","8","11","10.0","1.1","13.0","+5.0"
"9","undefined","","Leonard Fournette","JAC","RB8","10","5","17","10.2","4.6","21.0","+12.0"
"10","undefined","","Julio Jones","ATL","WR2","9","8","13","10.6","1.6","14.0","+4.0"
"11","undefined","","Chris Carson","SEA","RB9","11","7","18","11.2","4.1","30.0","+19.0"
"12","undefined","","Tyreek Hill","KC","WR3","12","8","19","11.2","4.4","16.0","+4.0"
"13","undefined","","Derrick Henry","TEN","RB10","11","6","22","13.0","6.4","36.0","+23.0"
"14","undefined","","Josh Jacobs","OAK","RB11","6","12","17","14.2","1.6","32.0","+18.0"
"15","undefined","","DeAndre Hopkins","HOU","WR4","10","10","23","14.4","4.6","5.0","-10.0"
"16","undefined","","Mike Evans","TB","WR5","7","10","21","18.0","4.0","22.0","+6.0"
"17","undefined","","Melvin Gordon","LAC","RB12","12","9","25","18.6","5.7","48.0","+31.0"
"18","undefined","","Amari Cooper","DAL","WR6","8","14","25","18.6","3.9","34.0","+16.0"
"19","undefined","","Cooper Kupp","LAR","WR7","9","15","23","19.8","3.0","51.0","+32.0"
"20","undefined","","Chris Godwin","TB","WR8","7","15","25","20.2","3.2","50.0","+30.0"
"21","undefined","","Travis Kelce","KC","TE1","12","16","37","20.2","8.4","20.0","-1.0"
"22","undefined","","Davante Adams","GB","WR9","11","15","26","20.8","3.5","8.0","-14.0"
"23","undefined","","Marlon Mack","IND","RB13","6","18","26","22.0","2.5","39.0","+16.0"
"24","undefined","","Tyler Lockett","SEA","WR10","11","13","30","24.0","5.9","46.0","+22.0"
"25","undefined","","James Conner","PIT","RB14","7","17","35","26.2","5.9","6.0","-19.0"
"26","undefined","","Le'Veon Bell","NYJ","RB15","4","17","29","26.2","4.6","7.0","-19.0"
"27","undefined","","Kenny Golladay","DET","WR11","5","23","31","27.2","3.0","49.0","+22.0"
"28","undefined","","Mark Ingram","BAL","RB16","8","24","39","31.2","5.2","41.0","+13.0"
"29","undefined","","Julian Edelman","NE","WR12","10","25","41","31.2","5.6","43.0","+14.0"
"30","undefined","","Tevin Coleman","SF","RB17","4","24","42","31.6","6.5","56.0","+26.0"
"31","undefined","","Todd Gurley","LAR","RB18","9","22","42","32.4","8.0","11.0","-20.0"
"32","undefined","","Keenan Allen","LAC","WR13","12","30","34","32.6","1.5","26.0","-6.0"
"33","undefined","","George Kittle","SF ","TE2","4","16","38","33.0","8.5","31.0","-2.0"
"34","undefined","","David Montgomery","CHI","RB19","6","26","39","34.4","4.4","38.0","+4.0"
"35","undefined","","Odell Beckham Jr.","CLE","WR14","7","27","44","34.6","6.3","18.0","-17.0"
"36","undefined","","Stefon Diggs","MIN","WR15","12","30","43","35.6","5.4","35.0","-1.0"
"37","undefined","","Sony Michel","NE","RB20","10","26","42","36.2","5.6","44.0","+7.0"
"38","undefined","","Lamar Jackson","BAL","QB1","8","31","54","36.2","8.9","106.0","+68.0"
"39","undefined","","Phillip Lindsay","DEN","RB21","10","28","47","38.8","6.1","52.0","+13.0"
"40","undefined","","Allen Robinson","CHI","WR16","6","33","48","42.0","4.9","77.0","+37.0"
"41","undefined","","Hunter Henry","LAC","TE3","12","37","56","45.2","7.0","66.0","+25.0"
"42","undefined","","David Johnson","ARI","RB22","12","34","63","46.2","10.8","9.0","-33.0"
"43","undefined","","Adam Thielen","MIN","WR17","12","41","51","46.6","3.4","24.0","-19.0"
"44","undefined","","D.J. Moore","CAR","WR18","7","34","56","48.0","7.4","67.0","+23.0"
"45","undefined","","JuJu Smith-Schuster","PIT","WR19","7","33","77","49.6","17.0","17.0","-28.0"
"46","undefined","","Patrick Mahomes","KC","QB2","12","32","57","50.2","9.2","12.0","-34.0"
"47","undefined","","Devin Singletary","BUF","RB23","6","40","64","51.6","9.9","99.0","+52.0"
"48","undefined","","Courtland Sutton","DEN","WR20","10","44","66","51.8","7.5","115.0","+67.0"
"49","undefined","","Joe Mixon","CIN","RB24","9","45","62","51.8","5.9","19.0","-30.0"
"50","undefined","","John Brown","BUF","WR21","6","41","59","52.0","6.5","142.0","+92.0"
"51","undefined","","Austin Ekeler","LAC","RB25","12","40","67","54.2","10.1","58.0","+7.0"
"52","undefined","","Darren Waller","OAK","TE4","6","37","60","54.6","8.9","194.0","+142.0"
"53","undefined","","Zach Ertz","PHI","TE5","10","48","60","54.8","3.9","29.0","-24.0"
"54","undefined","","Ronald Jones II","TB","RB26","7","40","80","55.0","13.8","149.0","+95.0"
"55","undefined","","Damien Williams","KC","RB27","12","42","68","55.6","10.7","25.0","-30.0"
"56","undefined","","D.J. Chark","JAC","WR22","10","46","74","58.6","12.6","291.0","+235.0"
"57","undefined","","Robert Woods","LAR","WR23","9","44","86","59.8","15.5","42.0","-15.0"
"58","undefined","","Deshaun Watson","HOU","QB3","10","55","65","60.6","3.9","37.0","-21.0"
"59","undefined","","T.Y. Hilton","IND","WR24","6","42","73","61.0","12.1","45.0","-14.0"
"60","undefined","","Russell Wilson","SEA","QB4","11","58","65","61.2","3.1","82.0","+22.0"
"61","undefined","","Carlos Hyde","HOU","RB28","10","57","67","63.2","3.8","151.0","+90.0"
"62","undefined","","Devonta Freeman","ATL","RB29","9","44","84","63.4","13.6","33.0","-29.0"
"63","undefined","","Mark Andrews","BAL","TE6","8","48","85","65.2","16.7","140.0","+77.0"
"64","undefined","","Royce Freeman","DEN","RB30","10","57","72","66.2","5.8","112.0","+48.0"
"65","undefined","","Jordan Howard","PHI","RB31","10","55","79","66.6","7.8","87.0","+22.0"
"66","undefined","","Calvin Ridley","ATL","WR25","9","44","87","66.8","14.8","53.0","-13.0"
"67","undefined","","James White","NE","RB32","10","55","76","68.2","7.0","64.0","-3.0"
"68","undefined","","Matt Breida","SF","RB33","4","62","79","68.2","5.9","97.0","+29.0"
"69","undefined","","Emmanuel Sanders","SF","WR26","4","51","93","69.4","15.7","88.0","+19.0"
"70","undefined","","Kenyan Drake","ARI","RB34","12","57","78","70.4","7.6","74.0","+4.0"
"71","undefined","","Jamaal Williams","GB","RB35","11","55","79","70.6","8.8","193.0","+122.0"
"72","undefined","","Michael Gallup","DAL","WR27","8","51","93","71.2","15.0","132.0","+60.0"
"73","undefined","","Latavius Murray","NO","RB36","9","68","79","71.6","3.9","83.0","+10.0"
"74","undefined","","Curtis Samuel","CAR","WR28","7","52","95","72.0","14.7","98.0","+24.0"
"75","undefined","","Miles Sanders","PHI","RB37","10","62","101","77.2","12.8","68.0","-7.0"
"76","undefined","","Christian Kirk","ARI","WR29","12","73","89","80.4","6.1","90.0","+14.0"
"77","undefined","","Aaron Rodgers","GB","QB5","11","80","84","81.8","1.5","47.0","-30.0"
"78","undefined","","Alshon Jeffery","PHI","WR30","10","66","105","82.4","14.0","63.0","-15.0"
"79","undefined","","Mike Williams","LAC","WR31","12","72","95","82.6","7.3","59.0","-20.0"
"80","undefined","","Kareem Hunt","CLE","RB38","7","62","106","83.4","15.9","110.0","+30.0"
"81","undefined","","Terry McLaurin","WAS","WR32","10","65","102","83.6","12.1","374.0","+293.0"
"82","undefined","","Tyler Boyd","CIN","WR33","9","49","119","85.2","23.1","57.0","-25.0"
"83","undefined","","Marvin Jones","DET","WR34","5","73","111","85.4","14.5","93.0","+10.0"
"84","undefined","","Adrian Peterson","WAS","RB39","10","84","88","85.8","1.6","123.0","+39.0"
"85","undefined","","Kyler Murray","ARI","QB6","12","80","92","86.4","5.0","108.0","+23.0"
"86","undefined","","Dak Prescott","DAL","QB7","8","81","90","87.0","3.5","122.0","+36.0"
"87","undefined","","Matt Ryan","ATL","QB8","9","80","100","87.2","7.7","62.0","-25.0"
"88","undefined","","Evan Engram","NYG","TE7","11","38","131","90.4","31.4","61.0","-27.0"
"89","undefined","","Sammy Watkins","KC","WR35","12","46","117","91.2","23.9","86.0","-3.0"
"90","undefined","","Golden Tate","NYG","WR36","11","51","129","91.6","26.7","146.0","+56.0"
"91","undefined","","A.J. Green","CIN","WR37","9","66","119","92.4","20.6","60.0","-31.0"
"92","undefined","","Tom Brady","NE","QB9","10","83","103","93.8","8.9","105.0","+13.0"
"93","undefined","","Brandin Cooks","LAR ","WR38","9","52","116","99.2","23.9","40.0","-53.0"
"94","undefined","","Alexander Mattison","MIN","RB40","12","97","104","99.2","2.9","153.0","+59.0"
"95","undefined","","Marquise Brown","BAL","WR39","8","73","113","99.4","14.4","184.0","+89.0"
"96","undefined","","D.K. Metcalf","SEA","WR40","11","72","118","99.8","18.0","145.0","+49.0"
"97","undefined","","Gerald Everett","LAR","TE8","9","89","112","100.0","10.1","294.0","+197.0"
"98","undefined","","Jameis Winston","TB","QB10","7","90","108","101.0","5.9","103.0","+5.0"
"99","undefined","","Drew Brees","NO","QB11","9","80","138","102.0","19.7","71.0","-28.0"
"100","undefined","","Jarvis Landry","CLE","WR41","7","86","121","102.8","13.3","69.0","-31.0"
"101","undefined","","Tyrell Williams","OAK","WR42","6","92","122","104.6","13.1","139.0","+38.0"
"102","undefined","","Devante Parker","MIA","WR43","5","61","128","104.8","24.5","207.0","+105.0"
"103","undefined","","Kalen Ballage","MIA","RB41","5","88","113","105.8","9.3","130.0","+27.0"
"104","undefined","","Rashaad Penny","SEA","RB42","11","93","132","106.0","15.1","100.0","-4.0"
"105","undefined","","Carson Wentz","PHI","QB12","10","107","108","107.4","0.5","72.0","-33.0"
"106","undefined","","Josh Allen","BUF","QB13","6","100","120","108.2","6.5","154.0","+48.0"
"107","undefined","","Mohamed Sanu","NE","WR44","10","91","133","108.8","13.9","180.0","+73.0"
"108","undefined","","Derrius Guice","WAS","RB43","10","94","138","110.4","15.5","73.0","-35.0"
"109","undefined","","Frank Gore","BUF","RB44","6","87","134","110.6","17.7","212.0","+103.0"
"110","undefined","","LeSean McCoy","KC","RB45","12","69","139","110.8","25.9","94.0","-16.0"
"111","undefined","","Jaylen Samuels","PIT","RB46","7","84","125","111.0","14.6","137.0","+26.0"
"112","undefined","","Duke Johnson","HOU","RB47","10","98","124","112.0","10.8","70.0","-42.0"
"113","undefined","","Will Fuller","HOU","WR45","10","96","145","115.8","20.1","81.0","-32.0"
"114","undefined","","Robby Anderson","NYJ","WR46","4","103","130","117.2","9.3","78.0","-36.0"
"115","undefined","","Tarik Cohen","CHI","RB48","6","105","132","117.8","9.8","76.0","-39.0"
"116","undefined","","Matthew Stafford","DET","QB14","5","92","149","118.8","18.1","166.0","+50.0"
"117","undefined","","Brian Hill","ATL","RB49","9","70","88","76.0","7.3","281.0","+164.0"
"118","undefined","","Larry Fitzgerald","ARI","WR47","12","110","129","120.2","8.4","104.0","-14.0"
"119","undefined","","Jamison Crowder","NYJ","WR48","4","110","130","120.6","6.4","165.0","+46.0"
"120","undefined","","Greg Olsen","CAR","TE9","7","96","155","122.2","25.0","147.0","+27.0"
"121","undefined","","Tony Pollard","DAL","RB50","8","100","147","122.4","19.5","114.0","-7.0"
"122","undefined","","Kenny Stills","HOU","WR49","10","105","134","124.4","11.6","187.0","+65.0"
"123","undefined","","Josh Gordon","SEA","WR50","11","116","148","125.8","11.8","65.0","-58.0"
"124","undefined","","Dede Westbrook","JAC","WR51","10","105","140","126.0","11.5","80.0","-44.0"
"125","undefined","","Kirk Cousins","MIN","QB15","12","107","138","126.8","12.8","134.0","+9.0"
"126","undefined","","Jared Goff","LAR","QB16","9","117","147","127.8","12.7","79.0","-47.0"
"127","undefined","","Philip Rivers","LAC","QB17","12","115","157","129.0","16.1","116.0","-11.0"
"128","undefined","","Ty Johnson","DET","RB51","5","94","160","129.2","21.2","379.0","+251.0"
"129","undefined","","Peyton Barber","TB","RB52","7","114","138","129.4","8.9","107.0","-22.0"
"130","undefined","","Corey Davis","TEN","WR52","11","126","142","134.4","7.2","92.0","-38.0"
"131","undefined","","Austin Hooper","ATL ","TE10","9","37","286","135.2","82.6","129.0","-2.0"
"132","undefined","","Zach Pascal","IND","WR53","6","125","154","136.6","10.2","368.0","+236.0"
"133","undefined","","Daniel Jones","NYG","QB18","11","118","157","138.0","15.9","320.0","+187.0"
"134","undefined","","Phillip Dorsett","NE","WR54","10","128","156","139.2","9.6","308.0","+174.0"
"135","undefined","","O.J. Howard","TB","TE11","7","126","156","139.8","10.5","55.0","-80.0"
"136","undefined","","Malcolm Brown","LAR","RB53","9","132","165","141.4","12.0","198.0","+62.0"
"137","undefined","","Jacob Hollister","SEA","TE12","11","85","143","103.8","23.1","",""
"138","undefined","","Jimmy Garoppolo","SF","QB19","4","140","156","144.8","6.2","150.0","+12.0"
"139","undefined","","Darius Slayton","NYG","WR55","11","122","178","145.2","18.7","",""
"140","undefined","","T.J. Hockenson","DET","TE13","5","130","152","147.0","8.6","136.0","-4.0"
"141","undefined","","Rex Burkhead","NE","RB54","10","133","160","150.6","10.5","312.0","+171.0"
"142","undefined","","Sterling Shepard","NYG","WR56","11","96","194","150.8","38.9","91.0","-51.0"
"143","undefined","","Diontae Johnson","PIT","WR57","7","130","196","153.4","22.7","253.0","+110.0"
"144","undefined","","Demaryius Thomas","NYJ","WR58","4","137","180","156.0","16.8","236.0","+92.0"
"145","undefined","","Gus Edwards","BAL","RB55","8","106","225","157.0","38.5","231.0","+86.0"
"146","undefined","","Jacoby Brissett","IND","QB20","6","119","199","157.8","26.2","243.0","+97.0"
"147","undefined","","A.J. Brown","TEN","WR59","11","140","216","157.8","29.4","230.0","+83.0"
"148","undefined","","Dallas Goedert","PHI","TE14","10","99","236","158.2","44.0","224.0","+76.0"
"149","undefined","","Chase Edmonds","ARI","RB56","12","123","232","158.4","38.1","239.0","+90.0"
"150","undefined","","Mecole Hardman","KC","WR60","12","145","194","158.6","17.9","185.0","+35.0"
"151","undefined","","Auden Tate","CIN","WR61","9","128","195","159.6","23.6","",""
"152","undefined","","Darrell Henderson","LAR","RB57","9","94","167","126.8","26.1","102.0","-50.0"
"153","undefined","","Derek Carr","OAK","QB21","6","138","215","163.0","27.8","182.0","+29.0"
"154","undefined","","Marquez Valdes-Scantling","GB","WR62","11","125","215","163.6","34.7","113.0","-41.0"
"155","undefined","","Ryan Tannehill","TEN","QB22","11","149","198","164.0","17.4","371.0","+216.0"
"156","undefined","","Baker Mayfield","CLE","QB23","7","115","198","164.2","31.5","54.0","-102.0"
"157","undefined","","New England (NE)","","DST1","10","162","171","167.4","3.0","156.0","-1.0"
"158","undefined","","Vance McDonald","PIT","TE15","7","99","246","168.2","53.2","85.0","-73.0"
"159","undefined","","San Francisco (SF)","","DST2","4","163","170","168.2","2.6","254.0","+95.0"
"160","undefined","","Chicago (CHI)","","DST3","6","165","174","170.6","3.1","84.0","-76.0"
"161","undefined","","Buffalo (BUF)","","DST4","6","164","178","171.0","4.6","161.0","0.0"
"162","undefined","","Minnesota (MIN)","","DST5","12","166","176","171.2","3.3","126.0","-36.0"
"163","undefined","","Eric Ebron","IND","TE16","6","129","235","172.2","40.7","95.0","-68.0"
"164","undefined","","Chris Thompson","WAS","RB58","10","124","221","172.8","34.1","190.0","+26.0"
"165","undefined","","Los Angeles (LAR)","","DST6","9","168","178","173.6","3.3","111.0","-54.0"
"166","undefined","","New Orleans (NO)","","DST7","9","169","176","173.6","2.5","176.0","+10.0"
"167","undefined","","Ted Ginn","NO","WR63","9","132","242","176.8","36.7","246.0","+79.0"
"168","undefined","","J.D. McKissic","DET","RB59","5","109","200","148.3","33.5","",""
"169","undefined","","Raheem Mostert","SF","RB60","4","123","162","149.3","15.5","",""
"170","undefined","","Cole Beasley","BUF","WR64","6","154","203","178.0","20.2","261.0","+91.0"
"171","undefined","","Greg Zuerlein","LAR","K1","9","174","183","180.0","3.2","118.0","-53.0"
"172","undefined","","Harrison Butker","KC","K2","12","175","182","180.0","2.6","138.0","-34.0"
"173","undefined","","Ryquell Armstead","JAC","RB61","10","98","250","152.0","58.2","255.0","+82.0"
"174","undefined","","Darrel Williams","KC","RB62","12","143","217","180.2","30.0","244.0","+70.0"
"175","undefined","","Jacksonville (JAC)","","DST8","10","170","207","181.2","13.2","125.0","-50.0"
"176","undefined","","Nick Foles","JAC","QB24","10","149","214","181.6","23.4","195.0","+19.0"
"177","undefined","","Wil Lutz","NO","K3","9","176","185","181.8","3.2","171.0","-6.0"
"178","undefined","","Danny Amendola","DET","WR65","5","156","216","182.6","22.6","271.0","+93.0"
"179","undefined","","Deebo Samuel","SF","WR66","4","129","261","183.4","44.7","170.0","-9.0"
"180","undefined","","Justin Tucker","BAL","K4","8","179","190","183.6","3.9","124.0","-56.0"
"181","undefined","","Giovani Bernard","CIN","RB63","9","139","230","183.8","30.3","225.0","+44.0"
"182","undefined","","Jimmy Graham","GB","TE17","11","112","234","185.0","45.3","177.0","-5.0"
"183","undefined","","Baltimore (BAL)","","DST9","8","172","212","185.6","14.5","133.0","-50.0"
"184","undefined","","Ka'imi Fairbairn","HOU","K5","10","183","188","185.8","1.9","160.0","-24.0"
"185","undefined","","Pittsburgh (PIT)","","DST10","7","168","211","186.4","16.9","192.0","+7.0"
"186","undefined","","Geronimo Allison","GB","WR67","11","148","227","187.6","27.3","120.0","-66.0"
"187","undefined","","Kyle Allen","CAR","QB25","7","164","228","188.6","24.5","",""
"188","undefined","","Demarcus Robinson","KC","WR68","12","151","233","189.8","30.0","286.0","+98.0"
"189","undefined","","Jared Cook","NO","TE18","9","127","274","190.2","61.8","75.0","-114.0"
"190","undefined","","Sam Darnold","NYJ","QB26","4","164","215","190.6","17.1","186.0","-4.0"
"191","undefined","","Dallas (DAL)","","DST11","8","179","229","191.6","19.2","163.0","-28.0"
"192","undefined","","Jack Doyle","IND","TE19","6","127","221","194.6","34.7","210.0","+18.0"
"193","undefined","","Anthony Miller","CHI","WR69","6","166","218","197.8","18.8","144.0","-49.0"
"194","undefined","","Chris Conley","JAC","WR70","10","142","266","199.4","40.0","330.0","+136.0"
"195","undefined","","Carolina (CAR)","","DST12","7","167","249","199.8","35.2","278.0","+83.0"
"196","undefined","","Robbie Gould","SF","K6","4","189","241","200.8","20.1","167.0","-29.0"
"197","undefined","","Green Bay (GB)","","DST13","11","171","236","202.0","24.4","220.0","+23.0"
"198","undefined","","Nelson Agholor","PHI","WR71","10","153","230","202.4","28.0","202.0","+4.0"
"199","undefined","","Matt Prater","DET","K7","5","189","254","204.4","24.9","206.0","+7.0"
"200","undefined","","Josh Reynolds","LAR","WR72","9","161","217","185.8","24.3","292.0","+92.0"
"201","undefined","","Mitch Trubisky","CHI","QB27","6","200","222","207.8","7.4","141.0","-60.0"
"202","undefined","","Mason Crosby","GB","K8","11","184","195","187.3","4.5","203.0","+1.0"
"203","undefined","","Mark Walton","MIA ","RB64","5","144","159","153.7","6.8","394.0","+191.0"
"204","undefined","","Brett Maher","DAL","K9","8","185","273","209.6","33.6","218.0","+14.0"
"205","undefined","","Noah Fant","DEN","TE20","10","150","274","209.8","53.2","191.0","-14.0"
"206","undefined","","Allen Lazard","GB","WR73","11","159","229","189.3","28.1","",""
"207","undefined","","Reggie Bonnafon","CAR","RB65","7","146","222","194.0","28.8","",""
"208","undefined","","Nyheim Hines","IND","RB66","6","146","237","195.5","32.9","183.0","-25.0"
"209","undefined","","Tennessee (TEN)","","DST14","11","172","286","215.4","42.6","223.0","+14.0"
"210","undefined","","Joey Slye","CAR","K10","7","188","216","196.5","11.3","319.0","+109.0"
"211","undefined","","Wayne Gallman","NYG","RB67","11","158","226","198.0","25.6","301.0","+90.0"
"212","undefined","","Jeff Wilson","SF","RB68","4","157","224","201.3","27.2","",""
"213","undefined","","Jordan Wilkins","IND","RB69","6","161","227","203.5","27.1","363.0","+150.0"
"214","undefined","","Jake Elliott","PHI","K11","10","186","254","205.8","28.2","178.0","-36.0"
"215","undefined","","Indianapolis (IND)","","DST15","6","177","284","228.2","37.3","215.0","0.0"
"216","undefined","","Denver (DEN)","","DST16","10","172","206","185.7","14.7","155.0","-61.0"
"217","undefined","","Ryan Finley","CIN","QB28","9","201","244","229.6","15.6","",""
"218","undefined","","Dare Ogunbowale","TB","RB70","7","167","252","214.8","30.6","199.0","-19.0"
"219","undefined","","Mike Gesicki","MIA","TE21","5","189","291","230.8","36.3","252.0","+33.0"
"220","undefined","","Mason Rudolph","PIT","QB29","7","199","228","215.8","11.1","387.0","+167.0"
"221","undefined","","Jason Witten","DAL","TE22","8","204","259","219.5","23.0","211.0","-10.0"
"222","undefined","","Brandon Allen","DEN","QB30","10","209","247","234.4","15.7","",""
"223","undefined","","Darren Fells","HOU","TE23","10","153","269","221.5","45.4","",""
"224","undefined","","Philadelphia (PHI)","","DST17","10","174","290","221.8","42.3","179.0","-45.0"
"225","undefined","","Los Angeles (LAC)","","DST18","12","180","285","222.0","38.6","168.0","-57.0"
"226","undefined","","Keke Coutee","HOU","WR74","10","192","241","222.5","20.4","158.0","-68.0"
"227","undefined","","Jalen Richard","OAK","RB71","6","212","239","224.0","11.4","196.0","-31.0"
"228","undefined","","Delanie Walker","TEN","TE24","11","206","247","227.5","19.1","117.0","-111.0"
"229","undefined","","Justice Hill","BAL","RB72","8","201","214","207.3","5.3","148.0","-81.0"
"230","undefined","","Hunter Renfrow","OAK","WR75","6","166","292","229.8","45.4","284.0","+54.0"
"231","undefined","","Dante Pettis","SF","WR76","4","226","234","229.8","3.0","109.0","-122.0"
"232","undefined","","Justin Jackson","LAC","RB73","12","193","226","209.0","13.5","128.0","-104.0"
"233","undefined","","Michael Badgley","LAC","K12","12","184","272","231.0","34.3","181.0","-52.0"
"234","undefined","","Ryan Fitzpatrick","MIA","QB31","5","224","243","231.3","7.9","323.0","+89.0"
"235","undefined","","DeAndre Washington","OAK","RB74","6","196","262","231.5","30.7","",""
"236","undefined","","Dion Lewis","TEN","RB75","11","208","219","212.0","5.0","131.0","-105.0"
"237","undefined","","James Washington","PIT","WR77","7","210","288","232.3","32.3","119.0","-118.0"
"238","undefined","","Adam Humphries","TEN","WR78","11","208","277","244.8","23.3","221.0","-17.0"
"239","undefined","","Taylor Gabriel","CHI","WR79","6","193","259","233.8","24.6","313.0","+74.0"
"240","undefined","","Benny Snell Jr.","PIT","RB76","7","158","258","215.0","42.0","316.0","+76.0"
"241","undefined","","Nick Folk","NE","K13","10","186","249","216.0","25.8","",""
"242","undefined","","Randall Cobb","DAL","WR80","8","168","263","217.0","38.8","232.0","-10.0"
"243","undefined","","Matt Gay","TB","K14","7","186","281","219.3","43.7","270.0","+27.0"
"244","undefined","","Darwin Thompson","KC","RB77","12","197","237","219.7","16.8","121.0","-123.0"
"245","undefined","","Josh Lambo","JAC","K15","10","187","189","188.0","1.0","315.0","+70.0"
"246","undefined","","Jason Myers","SEA","K16","11","187","190","188.5","1.5","217.0","-29.0"
"247","undefined","","Andy Isabella","ARI","WR81","12","215","238","228.3","9.7","238.0","-9.0"
"248","undefined","","Alex Erickson","CIN","WR82","9","222","276","245.3","23.1","",""
"249","undefined","","Keelan Cole","JAC","WR83","10","196","260","229.7","26.2","362.0","+113.0"
"250","undefined","","Seattle (SEA)","","DST19","11","219","256","231.7","17.2","172.0","-78.0"
"251","undefined","","Damien Harris","NE","RB78","10","199","253","234.3","25.0","159.0","-92.0"
"252","undefined","","Brandon Bolden","NE","RB79","10","218","257","235.7","16.1","",""
"253","undefined","","Ty Montgomery","NYJ","RB80","4","219","250","235.7","12.8","209.0","-44.0"
"254","undefined","","Gardner Minshew","JAC","QB32","10","238","270","250.8","11.8","",""
"255","undefined","","Chester Rogers","IND","WR84","6","208","282","237.0","32.3","349.0","+94.0"
"256","undefined","","Dwayne Haskins","WAS","QB33","10","237","282","251.5","17.8","282.0","+26.0"
"257","undefined","","Tre'Quan Smith","NO","WR85","9","161","261","211.0","50.0","208.0","-49.0"
"258","undefined","","Houston (HOU)","","DST20","10","205","220","212.5","7.5","157.0","-101.0"
"259","undefined","","Rashard Higgins","CLE","WR86","7","238","267","252.8","12.9","256.0","-3.0"
"260","undefined","","Paul Richardson","WAS","WR87","10","222","267","240.0","19.4","265.0","+5.0"
"261","undefined","","Kyle Rudolph","MIN","TE25","12","205","297","255.3","39.7","169.0","-92.0"
"262","undefined","","Mike Davis","CAR","RB81","7","209","226","217.5","8.5","235.0","-27.0"
"263","undefined","","Antonio Brown","FA","WR88","","145","145","145.0","0.0","23.0","-240.0"
"264","undefined","","Marquise Goodwin","SF","WR89","4","231","296","257.8","24.2","175.0","-89.0"
"265","undefined","","Olabisi Johnson","MIN","WR90","12","240","260","248.7","8.4","",""
"266","undefined","","Wendell Smallwood","WAS","RB82","10","162","162","162.0","0.0","352.0","+86.0"
"267","undefined","","Cleveland (CLE)","","DST21","7","212","248","230.0","18.0","162.0","-105.0"
"268","undefined","","Zane Gonzalez","ARI","K17","12","183","278","230.5","47.5","",""
"269","undefined","","Jakobi Meyers","NE","WR91","10","230","233","231.5","1.5","259.0","-10.0"
"270","undefined","","Trey Quinn","WAS","WR92","10","237","276","252.7","16.8","264.0","-6.0"
"271","undefined","","Allen Hurns","MIA","WR93","5","225","270","253.7","20.3","",""
"272","undefined","","Myles Gaskin","MIA","RB83","5","230","239","234.5","4.5","297.0","+25.0"
"273","undefined","","Dan Bailey","MIN","K18","12","251","279","264.5","11.8","268.0","-5.0"
"274","undefined","","N'Keal Harry","NE","WR94","10","210","265","237.5","27.5","173.0","-101.0"
"275","undefined","","Ameer Abdullah","MIN","RB84","12","236","240","238.0","2.0","",""
"276","undefined","","Andy Dalton","CIN","QB34","9","242","286","266.3","18.8","251.0","-25.0"
"277","undefined","","Younghoe Koo","ATL","K19","9","188","188","188.0","0.0","",""
"278","undefined","","Mike Boone","MIN","RB85","12","250","272","258.0","9.9","",""
"279","undefined","","Mike Nugent","FA","K20","","189","189","189.0","0.0","",""
"280","undefined","","Brian Hoyer","IND","QB35","6","248","270","258.7","9.0","",""
"281","undefined","","Dontrell Hilliard","CLE","RB86","7","249","275","259.0","11.4","263.0","-18.0"
"282","undefined","","Albert Wilson","MIA","WR95","5","245","271","260.3","11.1","205.0","-77.0"
"283","undefined","","John Kelly","LAR","RB87","9","239","287","261.0","19.8","",""
"284","undefined","","Jonnu Smith","TEN","TE26","11","207","285","246.0","39.0","400.0","+116.0"
"285","undefined","","Kansas City (KC)","","DST22","12","210","283","246.5","36.5","188.0","-97.0"
"286","undefined","","T.J. Yeldon","BUF","RB88","6","256","279","266.0","9.6","245.0","-41.0"
"287","undefined","","Darren Sproles","PHI","RB89","10","257","272","266.7","6.8","383.0","+96.0"
"288","undefined","","Parris Campbell","IND","WR96","6","217","217","217.0","0.0","227.0","-61.0"
"289","undefined","","Marcus Mariota","TEN","QB36","11","252","284","268.3","13.1","229.0","-60.0"
"290","undefined","","Josh Rosen","MIA","QB37","5","248","292","275.5","16.5","324.0","+34.0"
"291","undefined","","Jay Ajayi","FA","RB90","","225","225","225.0","0.0","303.0","+12.0"
"292","undefined","","Case Keenum","WAS","QB38","10","253","282","271.7","13.2","338.0","+46.0"
"293","undefined","","Oakland (OAK)","","DST23","6","239","284","261.5","22.5","277.0","-16.0"
"294","undefined","","Antonio Callaway","CLE","WR97","7","232","232","232.0","0.0","242.0","-52.0"
"295","undefined","","David Moore","SEA","WR98","11","234","234","234.0","0.0","300.0","+5.0"
"296","undefined","","Tyler Eifert","CIN","TE27","9","235","235","235.0","0.0","241.0","-55.0"
"297","undefined","","D'Ernest Johnson","CLE","RB91","7","240","289","264.5","24.5","",""
"298","undefined","","Ryan Griffin","NYJ","TE28","4","257","273","265.0","8.0","",""
"299","undefined","","DaeSean Hamilton","DEN","WR99","10","264","268","266.0","2.0","204.0","-95.0"
"300","undefined","","C.J. Prosise","SEA","RB92","11","258","298","276.7","16.4","388.0","+88.0"
"301","undefined","","Chris Boswell","PIT","K21","7","240","240","240.0","0.0","228.0","-73.0"
"302","undefined","","Kendrick Bourne","SF","WR100","4","244","244","244.0","0.0","336.0","+34.0"
"303","undefined","","David Njoku","CLE ","TE29","7","245","245","245.0","0.0","101.0","-202.0"
"304","undefined","","KeeSean Johnson","ARI","WR101","12","264","275","269.5","5.5","302.0","-2.0"
"305","undefined","","Donte Moncrief","CAR","WR102","7","268","271","269.5","1.5","135.0","-170.0"
"306","undefined","","Bilal Powell","NYJ","RB93","4","262","278","270.0","8.0","345.0","+39.0"
"307","undefined","","John Ross","CIN ","WR103","9","265","276","270.5","5.5","293.0","-14.0"
"308","undefined","","New York (NYJ)","","DST24","4","249","249","249.0","0.0","285.0","-23.0"
"309","undefined","","Dwayne Washington","NO","RB94","9","251","251","251.0","0.0","",""
"310","undefined","","Damarea Crockett","GB","RB95","11","251","295","273.0","22.0","289.0","-21.0"
"311","undefined","","Trey Edmunds","PIT","RB96","7","252","252","252.0","0.0","",""
"312","undefined","","Matt Bryant","FA","K22","","253","253","253.0","0.0","216.0","-96.0"
"313","undefined","","Eddy Pineiro","CHI","K23","6","255","255","255.0","0.0","295.0","-18.0"
"314","undefined","","Irv Smith Jr.","MIN","TE30","12","256","256","256.0","0.0","267.0","-47.0"
"315","undefined","","Zay Jones","OAK","WR104","6","258","293","275.5","17.5","197.0","-118.0"
"316","undefined","","Theo Riddick","DEN ","RB97","10","275","278","276.5","1.5","309.0","-7.0"
"317","undefined","","Dexter Williams","GB","RB98","11","261","261","261.0","0.0","288.0","-29.0"
"318","undefined","","Boston Scott","PHI","RB99","10","263","263","263.0","0.0","",""
"319","undefined","","Damiere Byrd","ARI","WR105","12","266","266","266.0","0.0","",""
"320","undefined","","Trey Burton","CHI","TE31","6","269","290","279.5","10.5","152.0","-168.0"
"321","undefined","","J.J. Arcega-Whiteside","PHI","WR106","10","267","267","267.0","0.0","222.0","-99.0"
"322","undefined","","Matt Moore","KC","QB39","12","279","287","283.0","4.0","",""
"323","undefined","","Willie Snead","BAL","WR107","8","283","285","284.0","1.0","249.0","-74.0"
"324","undefined","","Breshad Perriman","TB","WR108","7","277","277","277.0","0.0","343.0","+19.0"
"325","undefined","","Devontae Booker","DEN","RB100","10","277","277","277.0","0.0","332.0","+7.0"
"326","undefined","","Chase Daniel","CHI","QB40","6","280","280","280.0","0.0","",""
"327","undefined","","Kerryon Johnson","DET ","RB101","5","280","280","280.0","0.0","27.0","-300.0"
"328","undefined","","Javon Wims","CHI","WR109","6","287","287","287.0","0.0","",""
"329","undefined","","C.J. Anderson","FA","RB102","","288","288","288.0","0.0","189.0","-140.0"
"330","undefined","","Duke Williams","BUF","WR110","6","288","288","288.0","0.0","",""
"331","undefined","","Russell Gage","ATL","WR111","9","289","289","289.0","0.0","",""
"332","undefined","","Miles Boykin","BAL","WR112","8","289","289","289.0","0.0","213.0","-119.0"
"333","undefined","","Jaron Brown","SEA","WR113","11","290","290","290.0","0.0","351.0","+18.0"
"334","undefined","","Byron Pringle","KC","WR114","12","291","291","291.0","0.0","",""
"335","undefined","","Devin Smith","DAL","WR115","8","294","294","294.0","0.0","",""
"336","undefined","","Mike Weber","DAL","RB103","8","299","299","299.0","0.0","",""
"337","undefined","","Jake Kumerow","GB","WR116","11","300","300","300.0","0.0","279.0","-58.0"
""
""